{"Epochs": 4, "Train Loss": [37.49087852239609, 36.05284142494202, 28.129625856876373, 23.301483541727066], "Valid Loss": [9.675531804561615, 9.603842914104462, 10.076622247695923, 15.983581066131592], "Test Loss": 7.918607234954834}